79,11,An Jaehong,안재홍
80,11,Lee Sinyoung,이신영
81,11,Park Seojun,박서준
82,12,A Yiyu,아이유
83,11,Jung Jinwoon,정진운
84,11,Kim Jongsoo,김종수
85,12,Kim Bora,김보라
86,11,Ko Changseok,고창석
87,11,Kim Taek,김택
88,11,Jung Seunggil,정승길
89,12,Lee Hanui,이하늬
90,11,Jung Gunju,정건주
91,11,Lee Hyunwoo,이현우
92,11,Kim Jaehyun,김재현
93,11,Yang Hyunmin,양현민
94,11,Lee Sunkyun,이선균
95,11,Kim Min,김민
96,11,Hong Wanpyo,홍완표
97,11,Gong Myung,공명
98,12,Shin Soyul,신소율
99,11,Heo Junseok,허준석
100,11,An Jiho,안지호
101,11,Bae Yuram,배유람
102,11,Park Sungwoong,박성웅
103,11,Im Youngwoong,임영웅
104,12,Kim Dami,김다미
105,11,Yoon Jemoon,윤제문
106,11,Moon Jaein,문재인
107,11,Lee Yikyung,이이경
108,11,Yoo Yeonseok,유연석
109,12,Yeom Hyeran,염혜란
110,12,Jeon Soni,전소니
111,12,Park Siyoon,박시윤
112,11,Choi Minsoo,최민수
113,11,Kim Yong,김용
114,11,Oh Dalsoo,오달수
115,12,Choi Seungyoon,최승윤
116,11,Seo Jungik,서정익
117,11,Cha Taehyun,차태현
118,11,Kang Insung,강인성
119,12,Baek Jihye,백지혜
120,11,Byun Wooseok,변우석
121,11,Jang Dongyoon,장동윤
122,12,Kim Sohee,김소희
123,11,Ji Changwook,지창욱
124,11,Seo Dongwon,서동원
125,12,Kim Sohyun,김소현
126,12,Ji Soo,지수
127,12,Lee Re,이레
128,12,Park Yuna,박유나
129,12,Kim Sieun,김시은
130,11,Lee Seon,이세온
131,11,Cho Hansun,조한선
132,12,Han Dasol,한다솔
133,12,Ok Jayeon,옥자연
134,12,Bae Doona,배두나
135,11,Ko Gunhan,고건한
136,11,Um Sanghyun,엄상현
137,11,Cho Jinwoong,조진웅
138,11,Oh Kwangrok,오광록
139,12,Lee Pureum,이푸름
140,11,Oh Juntaek,오준택
141,11,Shin Seokho,신석호
142,12,Kim Myungim,김명임
143,11,Sim Kyuhyuk,심규혁
144,12,Choi Jungyoon,최정윤
145,11,Kim Junhyung,김준형
146,12,Kim Seoyoung,김서영
147,12,Kim Dohyun,김도현
148,11,Jung Taewoo,정태우
149,11,Lee Sungmin,이성민
150,12,Kim Sunyoung,김선영
151,11,Jin Sunkyu,진선규
152,11,Ha Sungguk,하성국
153,12,Kim Yurim,김유림
154,11,Seok Seunghoon,석승훈
155,11,Choi Han,최한
156,12,Kim Soonduk,김순덕
157,11,Gi Yoon,기윤
158,11,Lee Jangwon,이장원
159,11,Kang Hyuno,강현오
160,11,Sung Yubin,성유빈
161,11,Park Jiil,박지일
162,12,Kang Eunae,강은애
163,11,Kim Mobum,김모범
164,11,Yoon Bark,윤박
165,12,Park Yusin,박유신
166,12,Kim Seungyoon,김승윤
167,12,Oh Nara,오나라
168,11,Jung Sunghwa,정성화
169,11,Yang Heungju,양흥주
170,12,Son Junga,손정아
171,11,Im Jisub,임지섭
172,11,Lee Youngseok,이영석
173,12,Jang Heeryung,장희령
174,12,Lee Mikyung,이미경
175,12,Kim Goeun,김고은
176,12,Jeon Jongseo,전종서
177,12,Na Moonhee,나문희
178,12,Lee Seol,이설
179,11,Han Seungyoon,한승윤
180,12,Sim Soyoung,심소영
181,11,Sim Heesub,심희섭
182,12,No Soosanna,노수산나
183,12,Lee Sun,이선
184,11,Kim Mooyeol,김무열
185,12,Kim Minhee,김민희
186,12,Lee Younga,이영아
187,11,Yoo Insoo,유인수
188,12,Lee Mija,이미자
189,11,Woo Jihyun,우지현
190,12,Nam Bora,남보라
191,11,Cha Sunwoo,차선우
192,12,Lee Soyoung,이소영
193,12,Park Hyeyoung,박혜영
194,11,Sun Donghyuk,선동혁
195,11,Bae Jungnam,배정남
196,11,Lee Kyungyoung,이경영
197,12,Park Jinju,박진주
198,11,Gu Jahyung,구자형
199,12,Song Harim,송하림
200,11,Kwon Sunghyuk,권성혁
201,12,Min A,민아
202,11,Nam Dareum,남다름
203,11,Park Haeil,박해일
204,11,Kim Taehoon,김태훈
205,11,Shin Gu,신구
206,11,Cho Kyunghyun,조경현
207,11,Seo Hyunwoo,서현우
208,12,Lee Sookhee,이숙희
209,11,Kang Dongwon,강동원
210,12,Jung Eunhye,정은혜
211,12,Kim Sohyung,김소형
212,11,Kim Hyunwook,김현욱
213,11,Ko Kyungpyo,고경표
214,12,Park Jiyoon,박지윤
215,12,Lee Kyungjin,이경진
216,11,Kim Sejun,김세준
217,11,Kim Kangwoo,김강우
218,12,Lee Yeonhee,이연희
219,11,Choi Minsik,최민식
220,12,Um Aengran,엄앵란
221,11,Choi Woosung,최우성
222,11,Kwak Jinseok,곽진석
223,12,Cho Miryung,조미령
224,12,Gong Hyojin,공효진
225,11,Do Kyungsoo,도경수
226,12,Jeon Sookkyung,전숙경
227,12,Moon Sori,문소리
228,11,Seol Kyunggu,설경구
229,12,Yoon Yerim,윤예림
230,11,Yoo Seungho,유승호
231,12,Jang Chahyunsil,장차현실
232,12,Yoon Gayi,윤가이
233,11,Yoon Yangha,윤양하
234,11,Shin Dong,신동
235,12,Lee Jaehyun,이재현
236,12,Kim Sinyoung,김신영
237,12,An Soyi,안소이
238,12,Im Soojung,임수정
239,12,Park Kyuri,박규리
240,12,Jeon Jina,전진아
241,12,Jung Yumi,정유미
242,11,Hong Bumki,홍범기
243,11,Kwon Sangwoo,권상우
244,11,Lee Rinha,이린하
245,11,Song Youngchang,송영창
246,11,Cho Jungseok,조정석
247,11,Choi Yangrak,최양락
248,12,Han Taekyung,한태경
249,11,Kim Junseok,김준석
250,12,Oh Insil,오인실
251,12,Moon Geunyoung,문근영
252,12,Kang Saebom,강새봄
253,11,Jung Woosung,정우성
254,12,Jeon Doyeon,전도연
255,12,Im Yoona,임윤아
256,11,Kim Myungjun,김명준
257,12,Han Kyunghwa,한경화
258,12,Ko Doosim,고두심
259,11,Lee Soonjae,이순재
260,12,Yoon Yeojung,윤여정
261,12,Ko Wonhee,고원희
262,11,Lee Jungjae,이정재
263,12,Choi Yura,최유라
264,12,Kang Hyejung,강혜정
265,11,Lee Hongki,이홍기
266,12,Park Hyunyoung,박현영
267,11,Shin Hyuntak,신현탁
268,12,Lee Hyeyoung,이혜영
269,12,Joo Jeungnyu,주증녀
270,11,Oh Dongmin,오동민
271,11,Seomun Seok,서문석
272,12,Park Soyi,박소이
273,12,Joo Yerim,주예림
274,11,Kim Seokhoon,김석훈
275,12,Lee Bom,이봄
276,12,Hwang Yurim,황유림
277,11,Joo Jinmo,주진모
278,11,Yoo Haemu,유해무
279,12,Jung Yeonju,정연주
280,11,Im Juhwan,임주환
281,11,Yoo Yong,유용
282,12,Kim Namyeon,김남연
283,12,Lee Jiwon,이지원
284,12,Lee Jamyung,이자명
285,11,Gu Sunghwan,구성환
286,11,Jung Minsung,정민성
287,12,Hwang Daeun,황다은
288,12,Hwang Misun,황미선
289,11,Lee Donghwi,이동휘
290,12,Kim Yeeun,김예은
291,11,Hong Sangpyo,홍상표
292,12,Cho Yoonhee,조윤희
293,12,Jang Mi,장미
294,11,Joo Hyun,주현
295,12,Yoon Seunga,윤승아
296,12,Song Sunmi,송선미
297,12,Lee Som,이솜
298,12,Heo Midong,허미동
299,11,Hwang Insung,황인성
300,12,Kim Jaehwa,김재화
301,11,Dokgo Sung,독고성
302,12,Kim Sohye,김소혜
303,11,Heo Sungtae,허성태
304,11,Jung Inki,정인기
305,11,Kim Sangho,김상호
306,12,Kim Kkotbi,김꽃비
307,11,Kim Jun,김준
308,11,Seo Junyoung,서준영
309,12,Lee Juyoung,이주영
310,12,Shin Hyejung,신혜정
311,12,Lee Seungyeon,이승연
312,11,Yeon Jiwon,연지원
313,12,Kwon Sohyun,권소현
314,11,Im Jiho,임지호
315,12,Ko Yoonjung,고윤정
316,12,Han Songhee,한송희
317,11,Lee Hyun,이현
318,11,Jang Hyunsung,장현성
319,11,Gu Kyohwan,구교환
320,11,Kim Youngho,김영호
321,12,Park Jihoo,박지후
322,11,Cho Sungha,조성하
323,12,Kim Saebyeok,김새벽
324,11,Yoo Jaemyung,유재명
325,11,Kim Wonhyo,김원효
326,12,Im Jungmi,임정미
327,11,Choi Namhyun,최남현
328,12,Kim Gukhee,김국희
329,11,Kim Sedong,김세동
330,12,Jung Hyewon,정혜원
331,12,Cheon Jisun,천지선
332,11,Kim Inkwon,김인권
333,11,Kwak Minkyu,곽민규
334,11,Park Myunghoon,박명훈
335,12,Lee Hangna,이항나
336,12,Kim Soyi,김소이
337,12,Lee Ilhwa,이일화
338,12,Park Hyunsook,박현숙
339,11,Kim Sangdong,김상동
340,11,Jeon Sinhwan,전신환
341,12,Lee Eunsil,이은실
342,12,Hong Yoonjung,홍윤정
343,11,Kim Junhyun,김준현
344,12,Kwak Kyumi,곽규미
345,12,Kang Kyungheon,강경헌
346,11,Kim Soohyun,김수현
347,11,Kang Soojin,강수진
348,11,Gi Jubong,기주봉
349,12,Kim Doyoung,김도영
350,12,Ryu Hyunkyung,류현경
351,12,So Juyeon,소주연
352,12,Park Eunok,박은옥
353,11,Kwak Jinmoo,곽진무
354,12,Lee Yoonhee,이윤희
355,12,Ha Jiwon,하지원
356,11,Heo Hyungkyu,허형규
357,11,Lee Hwan,이환
358,11,Seol Youngbum,설영범
359,11,Kim Seungjun,김승준
360,11,Yoo Haejin,유해진
361,11,Ha Jungwoo,하정우
362,11,Ma Dongseok,마동석
363,11,Hwang Jungmin,황정민
364,11,Song Kangho,송강호
365,11,Lee Byungheon,이병헌
366,11,Hyun Bin,현빈
367,11,Gong Yu,공유
368,11,Joo Jihoon,주지훈
369,11,Cho Woojin,조우진
370,11,Kim Euisung,김의성
371,12,Kim Hyangki,김향기
372,11,Choi Guihwa,최귀화
373,11,Choi Woosik,최우식
374,11,Kwak Dowon,곽도원
375,11,Kim Yoonseok,김윤석
376,11,Park Jungmin,박정민
377,11,Kang Haneul,강하늘
378,11,Ryu Seungryong,류승룡
379,11,Cho Hanchul,조한철
380,11,Shin Hakyun,신하균
381,12,Yeom Junga,염정아
382,11,Park Jihwan,박지환
383,11,Kim Juhyuk,김주혁
384,11,Park Hyukkwon,박혁권
385,11,Kim Namgil,김남길
386,11,Kim Myungmin,김명민
387,11,So Jisub,소지섭
388,11,Um Taegu,엄태구
389,11,Kim Sungkyun,김성균
390,12,Ra Miran,라미란
391,11,Kim Dongwook,김동욱
392,11,Park Heesoon,박희순
393,11,Sung Dongil,성동일
394,11,Bae Sungwoo,배성우
395,12,Jang Youngnam,장영남
396,11,Cho Insung,조인성
397,11,Oh Jungse,오정세
398,12,Kim Taeri,김태리
399,12,Kim Ajoong,김아중
400,11,Kim Hongpa,김홍파
401,11,Lee Jehoon,이제훈
402,11,Yoo Ain,유아인
403,11,Heo Dongwon,허동원
404,11,Ryu Junyeol,류준열
405,12,Cheon Woohee,천우희
406,12,Son Yejin,손예진
407,12,Han Jimin,한지민
408,11,Yoo Jitae,유지태
409,11,Son Seokgu,손석구
410,12,Jang Hyejin,장혜진
411,11,Kim Heewon,김희원
412,11,Park Haejun,박해준
413,11,Byun Yohan,변요한
414,11,Kim Raewon,김래원
415,11,Lee Heejun,이희준
416,11,Jung Mansik,정만식
417,12,Park Sodam,박소담
418,12,Moon Junghee,문정희
419,11,Heo Junho,허준호
420,11,Lee Kwangsoo,이광수
421,12,Jin Kyung,진경
422,12,Kim Haesook,김해숙
423,11,Cha Seungwon,차승원
424,11,Yoon Gyesang,윤계상
425,11,Kim Sungkyu,김성규
426,12,An Sohee,안소희
427,11,Jung Jinyoung,정진영
428,11,Nam Moonchul,남문철
429,11,Shin Sungrok,신성록
430,11,Lee Jun,이준
431,12,Um Jiwon,엄지원
432,11,Song Joongki,송중기
433,11,Kim Daemyung,김대명
434,12,Im Jiyeon,임지연
435,11,Jung Haekyun,정해균
436,12,Kim Sooan,김수안
437,12,Park Sinhye,박신혜
438,11,Son Hyunju,손현주
439,12,Yoo Eunmi,유은미
440,11,Kwon Haehyo,권해효
441,12,Jang Soyeon,장소연
442,11,Yoo Seungmok,유승목
443,11,Kim Woobin,김우빈
444,11,Jung Junho,정준호
445,11,Kim Minjae,김민재
446,12,Sim Eunkyung,심은경
447,12,Bae Sooji,배수지
448,11,Ha Jun,하준
449,11,Han Seokkyu,한석규
450,12,Kim Youngae,김영애
451,11,Eum Moonseok,음문석
452,12,Kim Sungryung,김성령
453,11,Wi Hajun,위하준
454,11,Kim Sungo,김성오
455,11,Jung Woo,정우
456,11,Jung Jaekwang,정재광
457,11,Woo Hyun,우현
458,11,Jang Kiyong,장기용
459,11,Jung Haein,정해인
460,11,Jung Wonjoong,정원중
461,11,Jung Woongin,정웅인
462,11,Choi Moosung,최무성
463,12,Choi Yuhwa,최유화
464,11,Song Youngkyu,송영규
465,11,Lee Haeyoung,이해영
466,11,Choi Dukmoon,최덕문
467,11,Jang Donggun,장동건
468,12,Kim Seolhyun,김설현
469,12,Heo Jin,허진
470,12,Cho Minsoo,조민수
471,12,Cho Yeojung,조여정
472,11,Lee Bumsoo,이범수
473,12,Park Jiyoung,박지영
474,11,Kim Youngkwang,김영광
475,12,Kim Hyesoo,김혜수
476,11,Lee Seojin,이서진
477,12,Park Jihyun,박지현
478,11,Jung Sanghoon,정상훈
479,12,Kim Jiyoung,김지영
480,12,Lee Jaein,이재인
481,11,Kwon Yul,권율
482,11,Nam Ilwoo,남일우
483,12,Song Jihyo,송지효
484,11,Yeo Jingu,여진구
485,11,Park Jinwoo,박진우
486,12,Jeon Hyebin,전혜빈
487,11,Lee Dawit,이다윗
488,11,Kim Byungok,김병옥
489,12,Jin Seyeon,진세연
490,12,Seo Eunsoo,서은수
491,12,Han Yeri,한예리
492,11,Lee Juwon,이주원
493,12,Jung Jiso,정지소
494,11,Nam Juhyuk,남주혁
495,12,Shin Hyesun,신혜선
496,11,Park Byungeun,박병은
497,11,Im Hyungjun,임형준
498,11,Kang Sinil,강신일
499,11,Choi Byungmo,최병모
500,12,Park Kyunghye,박경혜
501,12,Shin Sia,신시아
502,11,Kim Sungchul,김성철
503,12,Han Hyoju,한효주
504,11,Min Jinwoong,민진웅
505,11,Kim Sangjoong,김상중
506,12,Kim Hwanhee,김환희
507,12,Park Boyoung,박보영
508,11,Kwak Siyang,곽시양
509,11,Cho Hyunchul,조현철
510,11,Jung Hyunjun,정현준
511,11,Hong Kijun,홍기준
512,12,Park Eunbin,박은빈
513,11,Im Siwan,임시완
514,12,Ko Asung,고아성
515,12,Lee Sungkyung,이성경
516,11,Ko Soo,고수
517,11,Jin Gu,진구
518,12,Kim Jiwon,김지원
519,12,Park Hyesoo,박혜수
520,12,Na Na,나나
521,11,Lee Kyuhyung,이규형
522,11,Lee Jongseok,이종석
523,11,Woo Dohwan,우도환
524,12,Kim Hyejun,김혜준
525,11,Park Sungil,박성일
526,11,Ok Taekyeon,옥택연
527,11,Lee Sangyoon,이상윤
528,11,Yeon Woojin,연우진
529,12,Kim Yewon,김예원
530,12,Lee Sunbin,이선빈
531,12,Lee Jihyun,이지현
532,12,Kim Haneul,김하늘
533,11,Ryu Seungbum,류승범
534,12,Um Junghwa,엄정화
535,11,Jung Inkyum,정인겸
536,12,Song Hayoon,송하윤
537,12,Hwang Wooseulhye,황우슬혜
538,11,Lee Minki,이민기
539,11,Jung Sungmo,정성모
540,11,Park Haesoo,박해수
541,11,Choi Jungwoo,최정우
542,11,Jeon Jino,전진오
543,12,Woo Jungsin,우정신
544,11,Lee Sungwook,이성욱
545,11,Ryu Dukhwan,류덕환
546,12,Seo Yeji,서예지
547,12,Soo Hyun,수현
548,12,Kang Sora,강소라
549,12,Ye Junghwa,예정화
550,11,Yoo Junsang,유준상
551,12,Kim Heeae,김희애
552,11,Cho Jaehyun,조재현
553,12,Lee Kyujung,이규정
554,12,Oh Mihee,오미희
555,11,Kim Changhwan,김창환
556,11,Lee Dail,이다일
557,12,Jung Somin,정소민
558,12,Han Junghyun,한정현
559,11,Lee Jihoon,이지훈
560,12,Lee Yumi,이유미
561,11,Oh Daehwan,오대환
562,12,Cho Yihyun,조이현
563,11,Jeon Baesoo,전배수
564,12,Kim Jiho,김지호
565,11,Cho Dalhwan,조달환
566,11,Kim Yoonsung,김윤성
567,12,Kang Yewon,강예원
568,11,Cha Soonbae,차순배
569,11,Jin Young,진영
570,12,Oh Yeonseo,오연서
571,12,Lee Sunho,이선호
572,11,Yoon Sanghyun,윤상현
573,12,Soo Ae,수애
574,12,Kim Seulki,김슬기
575,12,Joo Minkyung,주민경
576,12,Park Jumi,박주미
577,11,Um Hyosub,엄효섭
578,11,Kwak Dongyeon,곽동연
579,12,Lee Juyeon,이주연
580,11,Jin ,진
581,12,Seo Hyunjin,서현진
582,12,Kim Seohyung,김서형
583,12,Kim Okbin,김옥빈
584,11,Kim Haegon,김해곤
585,11,Lee Jinwook,이진욱
586,12,Park Eunhye,박은혜
587,12,Bae Jongok,배종옥
588,12,Jang Jinhee,장진희
589,12,Kim Yoonjin,김윤진
590,11,Song Saebyeok,송새벽
591,11,Im Hyunsung,임현성
592,11,Park Youngkyu,박영규
593,11,Kim Bum,김범
594,11,An Gilkang,안길강
595,11,Lee Wongeun,이원근
596,12,Lee Chaeeun,이채은
597,11,Kim Youngsung,김영성
598,11,Kim Minkyo,김민교
599,11,Choi Jinho,최진호
600,11,Jang Hyuk,장혁
601,11,Ji Sung,지성
602,12,Jeon Yeobin,전여빈
603,12,Ryu Hyeyoung,류혜영
604,11,Sung Jun,성준
605,12,Lee Junki,이준기
606,12,Jung Kyungho,정경호
607,12,Kim Sarang,김사랑
608,12,Nam Jihyun,남지현
609,11,Jung Hyerin,정혜린
610,11,An Eunjin,안은진
611,11,Kim Kanghoon,김강훈
612,12,Lee Eol,이얼
613,12,Kang Heesun,강희선
614,11,Jae Yihop,제이홉
615,11,Shin Eunsoo,신은수
616,11,No Jungeui,노정의
617,12,Lee Sookyung,이수경
618,12,Chae Soobin,채수빈
619,12,Baek Hyunjin,백현진
620,12,Park Jonghwan,박종환
621,11,Kim Gutaek,김구택
622,11,Moon Chaewon,문채원
623,12,Ko Ara,고아라
624,11,Ryu Sooyoung,류수영
625,12,Choi Wonyoung,최원영
626,12,Kim Yongrim,김용림
627,12,Jung Jihoon,정지훈
628,12,Kang Seunghyun,강승현
629,11,Lee Hojung,이호정
630,11,Joo Woojae,주우재
631,11,Cho Woojin,조우진
632,12,Jeon Jihyun,전지현
633,12,Cho Byungman,조병만
634,11,Kim Jungtae,김정태
635,11,Cho Seungwoo,조승우
636,12,Park Wonsang,박원상
637,11,Jung Jaeyoung,정재영
638,12,Kang Gyeyeol,강계열
639,12,Lee Junho,이준호
640,11,Park Bogeom,박보검
641,11,Lee Jun,이준
642,12,Park Sinyang,박신양
643,11,Jung Youngju,정영주
644,11,Choi Daniel,최다니엘
645,11,Kim Dongwan,김동완
646,11,Jung Hobin,정호빈
647,11,Han Hyejin,한혜진
648,12,Joo Won,주원
649,11,Jang Yoonju,장윤주
650,11,Park Jia,박지아
651,11,Choi Seunghyun,최승현
652,11,Cho Eunji,조은지
653,12,Yoo Inyoung,유인영
654,11,Lee Chunga,이청아
655,11,Jang Minhyuk,장민혁
656,11,Lee Wan,이완
657,12,Kim Hyunsook,김현숙
658,11,Shin Sekyung,신세경
659,12,Lee Chaeyoung,이채영
660,12,Choi Wonhyung,최원형
661,11,Gi Gukseo,기국서
662,12,Song Seungheon,송승헌
663,12,Jeon Misun,전미선
664,12,Ji Seunghyun,지승현
665,11,Kim Sihoo,김시후
666,11,Do Jihan,도지한
667,12,Lee Juwon,이주원
668,12,Min Hyorin,민효린
669,12,Lee Siyoung,이시영
670,11,Park Gilsoo,박길수
671,11,Yang Junmo,양준모
672,11,Lee Youngran,이영란
673,12,Cho Minki,조민기
674,11,Kim Youngchul,김영철
675,11,Jung Junwon,정준원
676,11,Lee Hanwe,이한위
677,11,Jung Hanbi,정한비
678,12,Tae Inho,태인호
679,12,Lee El,이엘
680,11,Jung Hyeyoung,정혜영
681,11,Choi Ilhwa,최일화
682,12,Oh Jiho,오지호
683,11,Lee Kikwang,이기광
684,11,Cho Heebong,조희봉
685,11,Lee Miyeon,이미연
686,11,Lee Yoonhoi,이윤회
687,12,Lee Hojae,이호재
688,11,Kim Sunhye,김선혜
689,12,Shin Mina,신민아
690,12,Choi Jinri,최진리
691,11,Cha Inpyo,차인표
692,11,Lee Sieon,이시언
693,11,Cheon Hojin,천호진
694,11,Bae Soobin,배수빈
695,12,An Dokyu,안도규
696,12,Park Woong,박웅
697,11,Kang Yeseo,강예서
698,12,Park Hyesook,박혜숙
699,12,Park Hyoju,박효주
700,12,Do Yonggu,도용구
701,11,Um Taewoong,엄태웅
702,11,Song Hyekyo,송혜교
703,11,Lee Yubi,이유비